Number,Title,writer,view,date
13053,2020년도 체육진흥원 근로장학생 선발안내,체육진흥원,5,20201210
13052,2020 Hi-TECH 공학콘서트 개최 및 랜선투표 안내,공학교육혁신센터,68,20201210
13051,2020학년도 영어/스페인어 동영상강의 강사채용 공고,국제교류본부,35,20201210
13050,2021학년도 대학 편입학 모집요강 공지,입학과,369,20201209
13049,2020 CBNU 비대면 U-GO 봉사단 모집,학생과,292,20201209
13048,2020 장애지원센터 송년행사 우리가 함께 만들어가는 행복한 세상 안내,장애지원센터,100,20201208
13047,12월 모의영어시험 시행 안내(모의토익),국제교류본부,98,20201208
13046,제약바이오-타 전공 연계 융합교과목 연구개발 공모 선정 결과 공고,충북바이오헬스산업혁신센터,77,20201208
13045,카페쿠비앤유 3호점 주말 근로학생 모집,생활협동조합,524,20201207
13044,2020년 충북청주 강소연구개발특구 온라인 판로개척 지원사업 IUM프로젝트 참여기업 모집  ...,산학협력단,62,20201207
13043,2020년도 체육진흥원 근로장학생 선발안내,체육진흥원,5,20201210
13042,2020 Hi-TECH 공학콘서트 개최 및 랜선투표 안내,공학교육혁신센터,68,20201210
13041,2020학년도 영어/스페인어 동영상강의 강사채용 공고,국제교류본부,35,20201210
13040,2021학년도 대학 편입학 모집요강 공지,입학과,369,20201209
13039,2020 CBNU 비대면 U-GO 봉사단 모집,학생과,292,20201209
13038,2020 장애지원센터 송년행사 우리가 함께 만들어가는 행복한 세상 안내,장애지원센터,100,20201208
13037,12월 모의영어시험 시행 안내(모의토익),국제교류본부,98,20201208
13036,제약바이오-타 전공 연계 융합교과목 연구개발 공모 선정 결과 공고,충북바이오헬스산업혁신센터,77,20201208
13035,카페쿠비앤유 3호점 주말 근로학생 모집,생활협동조합,524,20201207
13034,2020년 충북청주 강소연구개발특구 온라인 판로개척 지원사업 IUM프로젝트 참여기업 모집  ...,산학협력단,62,20201207
13033,"제10회 첨단기기분석세미나 개최 안내(FT-IR, Raman)",공동실험실습관,31,20201207
13032,거리두기2단계-학내 생협 카페 테이크아웃 이용안내,충북대학교 생활협동조합,164,20201207
13031,기말시험 열공야식(온라인) 추첨결과 공지,학생과,987,20201204
13030,2020년 제6회 충북대학교 대학평의원회 정기회 결과 공개,대학평의원회,190,20201203
13029,2020학년도 겨울학기 외국어강좌 접수 안내,국제교류본부,273,20201203
13028,소프트웨어 안전 국제 컨퍼런스 2020(20.12.03 목) - 온라인 중계,학생과,137,20201202
13027,2020 Hi-Pannel(심사위원단) 모집(~12/11),공학교육혁신센터,369,20201202
13026,피트니스센터 제한적 운영 안내 (이용시간 및 방역시간 추가),체육진흥원,171,20201202
13025,피트니스센터 헬스 입장 회원 예약제 실시 안내,체육진흥원,133,20201202
13024,"제9회 첨단기기분석세미나 개최 안내 - 열분석기[DSC, TGA, SDT, TMA]",공동실험실습관,25,20201202
13023,제 8회 첨단기기분석 세미나 개최 안내(초고해상도콘포칼영상분석기/유세포분석기 및 초고속유세 ...,공동실험실습관,18,20201202
13022,2020학년도 동계 대학원 논문제출자격 외국어시험 대체강좌 안내,국제교류본부,48,20201201
13021,"정청래의원 대표발의 일부개정법률안에 대한 의견 조회(서울대법, 인천대법)",교무과,131,20201201
13020,기말시험 열공야식 지원(온라인 신청),학생과,960,20201130
13019,제3회 충청북도 인권포럼 개최(재학생 추첨50명 커피쿠폰 지급),인권센터,238,20201201
13018,2021년도 소비자생활협동조합 쌀 구매 연간 단가계약 입찰 공고,충북대학교 생활협동조합,90,20201201
13017,2020학년도 2학기 건강센터 보건진료원의 12월 건강상담 일정 안내,보건진료원,122,20201130
13016,2020 직무분석 경진대회 참여자 모집 (총상금 860만원),취업지원본부,701,20201130
13015,피트니스센터 집중시간 분산 이용 권장 및 수능일 이용 시간 변경 재안내,체육진흥원,262,20201127
13014,[평생교육원] 2020학년도 제2학기 휴강 안내,평생교육원,228,20201127
13013,정문 개신우수저류시설 내부 청소계획에 따른 통행로 통제계획 알림,시설과,142,20201126
13012,2020학년도 동계 글로벌프론티어 온라인 단기연수 참가자 선발 안내,국제교류본부,364,20201126
13011,교육대학원 2021학년도 정시 심층면접 구술고사 장소 및 시간 안내,교육대학원,114,20201126
13010,2020 미국 취업 프로그램 참여자 모집(기간연장),취업지원본부,168,20201126
13009,2021학년도 정시 대학원(일반대학원) 입학고사 안내자료 공지,입학본부 입학과,2114,20201125
13008,제약바이오-타 전공 연계 융합교과목 연구개발 공모,충북바이오헬스산업혁신센터,162,20201125
13007,중요] 재난대응 모의훈련에 따른 인터넷 및 정보시스템 일시 중단 안내,전산정보원,331,20201124
13006,충북대 『창업보육센터(BI)』입주기업 모집 공고,창업보육센터,156,20201124
13005,[LINC플러스] 글로벌 캡스톤디자인 (CEDC 2020) 참가 신청 안내,LINC플러스,270,20201123
13004,2020년 22기 동계 대학생 재능봉사 캠프 멘토 모집,학생과,858,20201120
13003,2021학년도 전기 대학(학부 신편입학) 외국인특별전형 화상면접 및 서류평가 안내,국제교류본부,66,20201120
13002,2021학년도 전기 대학(학부 신편입학) 외국인특별전형 화상면접 및 서류평가 안내,국제교류본부,49,20201120
13001,2021학년도 정시 대학원 계약학과(산업인공지능학과) 모집 안내,입학본부 입학과,430,20201119
13000,2021학년도 정시 대학원 계약학과(전자정보공학과/화장품산업학과) 모집 안내,입학본부 입학과,453,20201119
12999,충북대학교 제21대 총장 중간평가 설문조사 실시 안내,교수회,132,20201119
12998,공무원연금공단 홍보시민참여단 청년서포터즈 모집,총무과,333,20201118
12997,2021학년도 대학 간 협력 및 공유를 위한 공동과목 개발 공모 안내,창의융합교육본부,281,20201118
12996,충북대학교 겸임교원 등 임용에 관한 운영 규정 일부개정규정(안) 행정예고,교무과,80,20201118
12995,충북대학교 교원임용 규정 일부개정규정(안) 행정예고,교무과,65,20201118
12994,재학생 가정폭력예방교육 온라인(zoom)교육 이수 이벤트 안내(11월),양성평등상담소,139,20201117
12993,CBNU-RC교육 아이디어 공모전 기간연장 안내,RC교육센터,128,20201118
12992,제3회 충청북도 인권포럼 개최(안내-문자알림 신청 선착순 100명 쿠폰지급),인권센터,175,20201118
12991,개교 70주년 기념 엠블럼 및 캐치프레이즈 공모전 결과 안내,대외협력부,352,20201118
12990,특고(특수형태근로종사자) 고용보험 홍보자료,총무과,43,20201117
12989,2020년 학교통일교육 실태조사의 대학생 대상 설문조사,통일교육사업단,80,20201117
12988,「충북 Startup 365 멘토링 센터」 창업 멘토링 서비스 안내,창업지원단,159,20201117
12987,2020년도 다문화 탈북학생 멘토링 장학금 멘토 추가 모집,학생과,287,20201117
12986,2021학년도 1학기 학기제 파견 교환학생(어학) 선발 안내,국제교류본부,236,20201117
12985,제7회 첨단기기분석세미나 개최 안내(에너지여과형 투과전자현미경),공동실험실습관,27,20201117
12984,충북대학교 교수보직관리 규정 일부개정규정(안) 행정예고 및 의견수렴,교무과,126,20201116
12983,충북대 창업보육센터 2020년 제품품질개선(QFD) 결과보고회,창업보육센터,115,20201116
12982,2020 미국 취업 프로그램 참여자 모집,취업지원본부,289,20201116
12981,2021-2022 헝가리 정부초청 장학생 선발 안내,국제교류본부,207,20201116
12980,BK21충북정보기술교육연구단 박사후과정생 채용공고,BK21충북정보기술교육연구단,97,20201116
12979,2021학년도 충북대학교 직장어린이집 원아 모집 공고,총무과,169,20201113
12978,2021학년도 정시 대학원(일반대학원) 지원(인터넷원서접수)자 안내,입학본부 입학과,1990,20201113
12977,충청북도 지역문제 해결방안 공모전,LINC+,570,20201112
12976,다(多)전공 체험수기 공모전 개최 안내,교무과,1389,20201112
12975,개교 70주년 기념 엠블럼 및 캐치프레이즈 공모전 수상 대상작 표절 여부 확인,대외협력부,780,20201111
12974,대학본부 공간 재배치 공사 관련 주말 간 철거공사 진행 알림,시설과,310,20201106
12973,카페쿠비앤유 3호점 마감 근로 모집,소비자생활협동조합,846,20201106
12972,재학생 폭력예방교육 온라인(zoom)교육 이수 이벤트 안내(11월),양성평등상담소,569,20201105
12971,입학본부 대학 수시모집 입학전형업무 보조(아르바이트) 모집,입학본부,872,20201105
12970,대학일자리센터 청년정책 체감도 및 만족도조사 안내,대학일자리센터,192,20201105
12969,"2020년 충북 혁신 창업경진대회(상금 1등-3백만원,2등-2백만원,3등-1백만원)",창업보육센터,329,20201105
12968,"11월 모의영어시험 시행 안내(모의토익, 모의토익스피킹)",국제교류본부,198,20201104
12967,충북대학교 제21대 총장 중간평가 실시 공고,교수회,196,20201104
12966,무심천 발원지 탐사안내,과학기술진흥센터,301,20201104
12965,제 6회 첨단기기분석세미나 개최 안내(유기원소분석기),공동실험실습관,55,20201104
12964,생협 카페쿠비앤유 3호점 마감 근로 모집,소비자생활협동조합,226,20201104
12963,2021학년도 1학기 중국어권 자매대학 파견 교환학생 선발 안내,국제교류본부,155,20201103
12962,제11회 아시안리더십콘퍼런스 무료 참관 기회,학생과,230,20201103
12961,충북대학교 토론 교육 활성화를 위한 설문 조사,의사소통센터,89,20201103
12960,CBNU-RC교육 아이디어 공모전 개최 안내,RC교육센터,290,20201103
12959,2020학년도 2학기 국가근로장학금 추가신청기간 운영 안내,학생과,320,20201103
12958,도서관 UCC 영상 공모전 안내(기간 연장 ~ 11. 13.),도서관,80,20201102
12957,도서관 온라인 정보사냥 대회 개최 안내,도서관,109,20201102
12956,도서관 우수활용사례 공모전 안내,도서관,89,20201102
12955,2020 대만 한국유학박람회 개최 안내,국제교류본부,147,20201102
12954,2020학년도 2학기 건강센터 보건진료원의 11월 의과대학 전임교원 건강상담 일정 안내,보건진료원,74,20201102
12953,독서 모임 ‘책으로 통(通)하다’ 제37기(2차) 참여자 추가 모집,의사소통센터,647,20201102
12952,[평생교육원] 2021학년도 제1학기 신규교과목 개설 신청 안내,평생교육원,79,20201102
12951,[연장] 2020년 충북청주 강소연구개발특구 INNO-Biz Interlink Global ...,산학협력단,57,20201102
12950,2020. 제29회 해외유학 장학생 선발 계획 알림(응시원서 다운),발전기금재단,2135,20201102
12949,2020 CBNU 언택트 봉사활동 콘텐츠 아이디어 공모전,학생과,682,20201021
12948,충북대학교 4단계 두뇌한국(BK)21 사업 운영 규정 제정(안) 행정예고,대학원정책실,306,20201028
12947,전자의수 제작 실무교육 참여학생 모집( ~ 11/13),공학교육혁신센터,378,20201028
12946,(산남종합사회복지관) 프로그램 영상 촬영 및 편집 봉사자 모집 협조 요청,학생과,261,20201028
12945,유학생을 위한 한국어 프로그램 신청 안내(Korean Class for Internatio ...,국제교류본부,105,20201028
12944,2020 캐나다 취업 프로그램 참여자 모집(코업비자),취업지원본부,234,20201028
12943,2020 베트남 한국유학박람회 개최 안내,국제교류본부,118,20201028
12942,[마감]2020 나라사랑 봉사활동(CBNU-RC 문화기행) 봉사자 모집,학생과,339,20201028
12941,2021학년도 정시 대학원(일반대학원) 인터넷원서접수 안내,입학본부 입학과,3286,20201028
12940,2020년 충북청주 강소연구개발특구 온라인 판로개척 지원사업 IUM(INNO Untact  ...,산학협력단,150,20201028
12939,2020. 생활과학교실 2차 온라인(5기) 학생모집 안내,과학기술진흥센터,353,20201026
12938,충북대학교 연구원규정 및 산업인공지능연구센터 규정 일부개정규정(안) 행정예고,산학협력단,126,20201026
12937,체육진흥원 피트니스센터 운영 재개(제한적 운영) 안내,체육진흥원,569,20201026
12936,2020학년도 충북대학교 창작공모전 개최 안내,의사소통센터,4991,20200907
12935,충북대학교 옥외 체육시설 및 주차장 확충사업 설계 제안공모 재공고,시설과,1007,20201022
12934,제5회 첨단기기분석세미나(유도결합플라즈마분광광도계/유도결합플라즈마질량분석기) 개최 안내  ...,공동실험실습관,94,20201022
12933,제 4회 첨단기기분석세미나(오제전자분광기/X-선 광전자분광기) 개최 안내,공동실험실습관,69,20201022
12932,"2020학년도 1,2차 실험동물의 사용 및 관리 등에 관한 동물실험 수행자 교육 개최",실험동물연구지원센터,115,20201016
12931,2020학년도 2학기 CBNU-RC 봉사활동 봉사자 모집,학생과,547,20201021
12930,2020 몽골 한국유학박람회 개최 안내,국제교류본부,198,20201021
12929,2020학년도 영어능력인증제 시행 안내,창의융합교육본부,329,20201021
12928,[마감]2020 다문화 새터민 학생 봉사 프로그램 봉사자 모집,학생과,378,20201020
12927,2020년 충북청주 강소연구개발특구 INNO-Biz Interlink Global 지원사업 ...,산학협력단,193,20201020
12926,충북대학교『창업보육센터(BI)』입주기업 모집 공고,창업보육센터,107,20201020
12925,코로나19) 피트니스센터 10월 4주차 홈트레이닝 영상 홍보 안내,체육진흥원,169,20201019
12924,2020학년도 출판부 학술도서 감상평 공모전 안내,출판부,2352,20201019
12923,언박싱 엔지니어 챌린지 참여학생 모집(~11/6),공학교육혁신센터,437,20201019
12922,2020년 제1회 특수외국어능력평가 실시 안내,국제교류본부,339,20201016
12921,2020학년도 법학전문대학원 무료법률상담 행사 안내,법학전문대학원,623,20201015
12920,2020년 국립대학 육성사업 발전협의회 정책연구과제 공모,기획과,93,20201015
12919,2020학년도 2학기 충북대학교 공동실험실습관 공동활용기자재 수요조사,공동실험실습관,66,20201015
12918,충북대학교 학칙 일부개정학칙(안) 행정예고,교무과,125,20201015
12917,2020학년도 CBNU 제2외국어 BOOM 강좌 접수 안내,국제교류본부,197,20201014
12916,2020 충청북도 일자리 콘서트 안내,취업지원본부,302,20201014
12915,입학본부 입학전형업무 보조(아르바이트) 모집(마감),입학본부 입학과,497,20201014
12914,제10회 독서골든벨 참가자 모집,의사소통센터,792,20201005
12913,2021학년도 정시 충북대학교 대학원별 원서접수 일정 안내,입학본부 입학과,2100,20201014
12912,2020년 지역거점 인공지능 교육 운영 사업 3기 교육생 모집 안내,SW중심대학사업단,186,20201013
12911,2021 독일 정부초청 현지 섬머코스 장학생 선발 안내,국제교류본부,272,20201013
12910,2021학년도 정시 북방농업대학원(야간) 신입생 모집 안내,농업생명환경대학,376,20201013
12909,"2021년도 정시대학원 『국내유일 연구장비개발 전공 석사,박사,석․박사 통합과정』 신입생  ...",물리학과,81,20201013
12908,"『충북대학교 G-테크벤처센터』BI 입주기업 모집 공고_11.1, 12.1.일자",G테크벤처센터,85,20201013
12907,독서 모임 ‘책으로 통(通)하다’ 제37기(2차) 참여자 모집,의사소통센터,185,20201013
12906,`20학년도 2학기 대학(원) 재학생 등록금 추가 납부 안내,재무과,372,20201013
12905,코로나19) 피트니스센터 10월 3주차 홈트레이닝 영상 홍보 안내,체육진흥원,139,20201012
12904,가을학기 2기 외국어강좌 접수안내,국제교류본부,185,20201012
12903,5기 도시재생  청년 서포터즈 모집 안내,학생과,309,20201012
12902,충북대학교 수의방역대학원 2021학년도 신입생 모집 안내,수의방역대학원,267,20201012
12901,입학본부 대학 수시모집 입학전형업무 보조(아르바이트) 모집,입학본부,582,20201012
12900,[마감] 2020 장애가족 봉사활동(DIY 물품 제작 기부) 봉사자 모집,학생과,680,20201008
12899,제1회 첨단기기분석세미나(전계방사현주사전자현미경) 개최 안내,공동실험실습관,120,20201008
12898,2021학년도 전기 대학(원) 외국인특별전형 원서접수 안내,국제교류본부,1629,20201008
12897,충북대학교 2020. 2학기 비교과과정 프로그램 운영 안내,교무과,469,20201008
12896,충북대학교 지자체-대학 협력기반 지역혁신 플랫폼사업 운영규정 일부개정규정(안) 행정예고,충북바이오헬스산업혁신센터,266,20201007
12895,충북대학교 생활과학대학 제2회 지역네트워크 Life Solution 공모전 안내(기간연장) ...,생활과학대학,230,20201007
12894,2020학년도 충북금연지원센터 금연희망자 모집 안내,보건진료원,225,20201007
12893,"장애인 보행로 개선공사 알림(경영대, 사회대 부근)",시설과,97,20201007
12892,[21세기 인문가치포럼] 논문공모전 안내,학생과,233,20201007
12891,코로나19) 피트니스센터 10월 2주차 홈트레이닝 영상 홍보 안내,체육진흥원,188,20201006
12890,2020년 혁신도시 공공기관 온라인 지역인재 합동채용설명회 안내,취업지원본부,317,20201006
12889,제7회 충북대학교 토론 대회 논박 결승전 방청 신청 안내(접수 연장),의사소통센터,213,20201005
12888,2020 크라우드펀딩 교육 안내,충북대 창업보육센터,243,20201005
12887,대학생 통일교육아카데미 모집,통일교육사업단,297,20201005
12886,10월 모의영어시험 시행 안내,국제교류본부,287,20201005
12885,2021학년도 정시 법무대학원 신입생 모집 안내,법무대학원,127,20201005
12884,대학 구성원과 함께하는 대학교육혁신 연구 공모지원 사업 신청기간 연장 안내,교육혁신연구원,111,20201005
12883,2020학년도 2학기 건강센터 보건진료원의 10월 의과대학 전임교원 건강상담 안내,보건진료원,66,20201005
12882,충북대학교 교육대학원 2021학년도 정시 신입생 모집 안내,교육대학원,139,20200929
12881,★ 제 15기 충북대학교 공식 학생홍보대사 최종 합격자 공고 ★,대외협력부,527,20200929
12880,충북대학교 연초연구소 규정 일부개정(안) 행정예고,산학연구본부,65,20200929
12879,2020년도 국비유학(연수)생 추가 모집 안내,국제교류본부,251,20200929
12878,2020학년도 2학기 외국인 교환학생 온라인 버디(Online-Buddy) 선발 안내,국제교류본부,490,20200928
12877,2020 청렴도 측정 안내,총무과,141,20200928
12876,2020학년도 2학기 CBNU-RC 봉사활동 봉사자 모집,학생과,382,20200928
12875,[마감됨] 근로 학생(졸업생) 모집 -코로나19 안심 등교 도우미 사업-,취업지원본부,3198,20200928
12874,청렴서한문,교육부장관,199,20200925
12873,충북대학교 옥외 체육시설 및 주차장 확충사업 설계 제안공모 공고,시설과,179,20200925
12872,2021학년도 정시 대학원(일반대학원) 신입생 모집 안내,입학본부 입학과,2144,20200924
12871,2020학년도 현장실습지원센터 동기 계절학기 해외 인턴십 운영예고 및 참여희망자 모집,현장실습지원센터,488,20200924
12870,2021학년도 예비대학생을 위한 SW기초교육 컴퓨팅 사고력 기르기,SW중심대학사업단,196,20200924
12869,2021학년도 1학기 영어권 자매대학 파견 교환학생 선발 안내,국제교류본부,288,20200923
12868,"2021학년도 1학기 영어권(아시아, 유럽) 자매대학 파견 교환학생 선발 안내",국제교류본부,221,20200923
12867,2021학년도 1학기 미국 자매대학 복수학위 파견학생 선발 안내,국제교류본부,127,20200923
12866,2021학년도 1학기 영어권 자매대학 파견 교환학생[어학학부과정] 선발 안내,국제교류본부,135,20200923
12865,"제 3회 첨단기기분석세미나 개최 안내(나노인덴터 및 스크래치시험기, 주사탐침현미경)",공동실험실습관,52,20200923
12864,제2회 첨단기기분석세미나 개최 안내(엑스선회절분석기),공동실험실습관,54,20200923
12863,2020년도 2학기 충북대학교 SW중심대학사업단 SW융합전공 장학생 선발 공고,SW중심대학사업단,326,20200923
12862,"교양교과목 개편사업 공모 안내(기간연장, 교과목 신설 포함)",창의융합교육본부,276,20200923
12861,"2021학년도 1학기 비영어권(독일, 프랑스, 러시아) 및 스페인 자매대학 파견 교환학생  ...",국제교류본부,164,20200923
12860,[마감] 2020 나라사랑 봉사활동(비대면 환경정화) 봉사자 모집,학생과,551,20200923
12859,[한국표준협회] 블록체인 및 인공지능 무료교육 안내,공동훈련센터,193,20200923
12858,좋은 강의 에세이 공모전 접수 안내,스마트교수학습개발원,169,20200922
12857,제 15기 충북대학교 공식학생홍보대사 1차 서류 합격자 발표,대외협력부,487,20200922
12856,충북대 창업보육센터 입주기업 모집공고,창업보육센터,69,20200922
12855,코로나19) 피트니스센터 9월 4주차 홈트레이닝 영상 홍보안내,체육진흥원,102,20200922
12854,2021학년도 1학기 일본 홋카이도대학교 파견 교환학생 선발 안내,국제교류본부,218,20200921
12853,충북대학교 교육공무원(조교)모집공고(부속농장),농업생명환경대학,230,20200921
12852,충북대학교 생활과학대학 제2회 지역네트워크 Life Solution 공모전 안내,생활과학대학,148,20200921
12851,2020년 충북대학교 현장실습지원센터 현장실습 체험수기 공모전 개최,현장실습지원센터,219,20200921
12850,2020학년도 2학기 9월 건강센터 보건진료원의 의과대학 전임교원 건강상담 안내,보건진료원,76,20200921
12849,대학 구성원과 함께하는 대학교육혁신 연구 공모지원 사업 안내,교육혁신연구원,166,20200918
12848,제1회 첨단기기분석세미나 개최 안내(입도분석기/ 제타전위측정기),공동실험실습관,79,20200918
12847,2020년도 후기 자연계 대학원 전문연구요원 편입대상자 선발 공고 안내,산학협력단,85,20200918
12846,2020 하반기 창업동아리 모집 안내,LINC+,673,20200918
12845,통일 후 아이디어 공모전,통일교육 사업단,182,20200918
12844,2020-2학기 인재양성원 정기 입실시험 공고,인재양성원,749,20200918
12843,2021학년도 1학기 영국 쉐필드대학교 파견 교환학생 선발 안내,국제교류본부,176,20200918
12842,나만의 학습법 수기 공모전 접수,스마트교수학습개발원,895,20200918
12841,2021학년도 1학기 비영어권(프랑스) 자매대학 파견 교환학생 선발 안내(1차),국제교류본부,196,20200916
12840,[한국과학창의재단] 2020년 하반기 대학생 온라인 교육기부 모집,학생과,284,20200916
12839,코로나19) 피트니스센터 9월 3주차 홈트레이닝 영상 홍보안내,체육진흥원,160,20200915
12838,대표홈페이지 접속 장애 발생 및 추가 작업 안내,대외협력부,135,20200915
12837,코로나19) 피트니스센터 헬스 환불 신청 안내,체육진흥원,227,20200914
12836,2021학년도 1학기 영국 리젠츠런던대학교 파견 교환학생 선발 안내,국제교류본부,290,20200914
12835,통일교육선도대학 사업단 평화·​통일 석·​박사 학위논문 지원사업 공모,통일교육사업단,74,20200914
12834,입학본부 대학 수시모집 입학전형업무 보조(아르바이트) 모집(연장),입학본부,437,20200914
12833,개교 70주년 기념 엠블럼 및 캐치프레이즈 공모전 접수,대외협력부,945,20200914
12832,★ 충북대학교 공식 학생홍보대사 해울 15기 모집 ★,대외협력부,845,20200911
12831,충북대학교 의과대학 3호관 신축 설계공모 서면질의 답변서,시설과,155,20200909
12830,`20학년도 2학기 대학(원) 재학생 등록금 추가 납부 기간 안내(수료후 등록생 포함),재무과,560,20200911
12829,2021학년도 1학기 일본 자매대학 파견 교환학생 선발 안내,국제교류본부,258,20200911
12828,2020년 제5회 충북대학교 대학평의원회 임시회 결과 공개,대학평의원회,145,20200910
12827,2020 가을학기 토익특별반 접수안내,국제교류본부,467,20200904
12826,[언택트(untact) 전자정보박람회] 행사 안내,도서관,544,20200901
12825,충북대학교 「핵심역량 기반 비교과통합관리시스템 명칭 공모」 결과 안내,교무과,194,20200909
12824,★ 2020학년도 2학기 수업운영 변경 주요내용 추가알림(20.9.9.기준),학사지원과,11257,20200909
12823,2020년 9월 모의영어시험 시행 안내,국제교류본부,376,20200908
12822,입학본부 입학전형 업무 보조 아르바이트 모집,입학본부 입학과,745,20200908
12821,코로나19) 9월 2주차 홈트레이닝 영상 홍보 안내,체육진흥원,197,20200908
12820,[LINC플러스] 산학연계 교육과정 영상콘텐츠 공모전 개최,LINC+사업단,251,20200904
12819,2020-2학기 Learning Mate 학습동아리 참여자 모집 안내,스마트교수학습개발원,1056,20200907
12818,충북대학교 대학평의원회 규정 일부개정규정(안) 행정예고,교무과,51,20200907
12817,2021학년도 일본 니가타현 현비유학생(연수생) 모집 관련 변경사항 안내,국제교류본부,209,20200904
12816,2020 가을학기 외국어강좌 접수안내,국제교류본부,273,20200904
12815,2020학년도 2학기 독서인증제 시행 안내,의사소통센터,295,20200902
12814,교양교과목 개편사업 공모 안내,창의융합교육본부,609,20200904
12813,2020-2학기 Level-Up 튜터링 참여자 모집 안내,스마트교수학습개발원,717,20200904
12812,2020년 SW중심대학사업단 제 1회 소프트웨어 영어 말하기 대회,SW중심대학사업단,238,20200902
12811,입학본부 대학 수시모집 입학전형업무 보조(아르바이트) 모집,입학과,575,20200903
12810,2020학년도 후기 대학원 계약학과(산업인공지능학과) 추가모집 합격자 발표,입학본부 입학과,136,20200903
12809,2020. 생활과학교실 온라인 3기 학생모집 안내,과학기술진흥센터,200,20200902
12808,2020 거점 국립대학교 통합 온라인 채용박람회 안내,취업지원본부,320,20200901
12807,코로나19) 피트니스센터 9월 1주차 홈트레이닝 영상 홍보 안내,체육진흥원,206,20200901
12806,"(수정)충북대학교 『창업보육센터』 BI실 입주기업 모집 공고(20년 10월 1일, 11월  ...",창업보육센터,168,20200831
12805,청주권 독서동아리 지원 사업 [책으로 만드는 세상] 참여 모집 (비대면 프로그램),도서관,289,20200831
12804,충북대학교 생활과학대학 제2회 지역네트워크 Life Solution 공모전 안내,생활과학대학,298,20200831
12803,2020학년도 2학기 사회봉사교과목 비대면 강의 안내,학생과,679,20200831
12802,(외국인유학생) 2020학년도 후기(제2학기) 학생생활관 입주일정 변경안내,국제교류본부,101,20200828
12801,충북대학교 비교과통합관리시스템(신규) 명칭 선호도 조사 안내,교무과,694,20200828
12800,온라인 ‘강의 제작 운영 지원 온라인 원격 도우미’ 모집 공고,학사지원과,614,20200828
12799,2021학년도 일본 니가타현 현비유학생(연수생) 모집 안내,국제교류본부,238,20200828
12798,코로나19) 피트니스센터 임시휴관 연장 안내,체육진흥원,233,20200827
12797,`20학년도 2학기 대학(원) 재학생 등록금 추가 납부 안내(수료후 등록생 포함),재무과,1856,20200827
12796,2020 건설인재 언택트 일자리박람회,취업지원본부,159,20200827
12795,독서 모임 ‘책으로 통(通)하다’ 제37기(1차) 참여자 모집,의사소통센터,341,20200827
12794,충북대 글로벌[G]-테크벤처센터(BI) 입주기업 모집 공고,충북대G테크벤처센터,58,20200827
12793,"충북대학교 『창업보육센터』 BI실 입주기업 모집 공고(20년 10월 1일, 11월 1일자) ...",창업보육센터,49,20200826
12792,올바른 소셜미디어 활용 캠페인 공모전,학생과,611,20200826
12791,2020학년도 1학기 영어권 SAF 자매대학 파견 교환학생 선발 안내,국제교류본부,374,20200826
12790,2020학년도 2학기 국가근로장학금 취업연계중점대학 학생 및 근로기관 모집,학생과,618,20200826
12789,★ 2020학년도 2학기 수업운영 변경 주요내용 알림,학사지원과,7110,20200825
12788,2020학년도 2학기 대학원 신입생 학생증 비대면 신청 안내,학생과,202,20200826
12787,생협 별빛식당(신학2층) 봉사장학생 모집,소비자생활협동조합,370,20200825
12786,코로나19) 체육진흥원 피트니스센터 8월 5주차 홈트레이닝 영상 홍보,체육진흥원,249,20200824
12785,충북대학교 대응자금 지원 지침 제정(안) 행정예고 및 의견수렴,산학연구본부,215,20200821
12784,"2020년도 예비군훈련, 비대면 원격교육으로 전환 실시",예비군연대,1543,20200821
12783,"생협 근로장학생 선발(별빛식당, 파리바게뜨, 서점)",소비자생활협동조합,582,20200821
12782,2020.후기 대학원(일반대학원) 석사과정 추가모집 및 계약학과 입학전형 합격자 발표,입학본부 입학과,619,20200821
12781,2020학년도 후기 대학원 계약학과(산업인공지능학과) 추가모집 안내,입학본부 입학과,206,20200820
12780,2020년도 아셈 듀오 스웨덴(ASEM DUO-Sweden)  장학생 2차 모집 안내,국제교류본부,375,20200820
12779,제7회 충북대학교 토론 대회 논박 개최 안내,의사소통센터,484,20200819
12778,집중호우로 인한 특별재난지역 훈련 면제 관련 안내,예비군연대,122,20200819
12777,충북대학교 학칙 일부개정학칙(안) 행정예고,교무과,269,20200818
12776,[산학협력단] 2020 충북대학교 BIZ-idea 수요조사,산학협력단 지식재산권팀,169,20200818
12775,[마감]2020 나라사랑 봉사활동(수해복구) 참가자 모집(8월 20일),학생과,267,20200818
12774,충북대학교 박물관 서포터즈 모집,박물관,483,20200818
12773,충북대학교 지자체-대학 협력기반 지역혁신 플랫폼 사업 운영 규정(안) 행정예고 및 의견수렴 ...,기획과,183,20200818
12772,충북대학교 의과대학 3호관 신축 설계공모 공고,시설과,296,20200814
12771,학생생활관 생활조교(동장) 모집 안내,학생생활관,446,20200814
12770,‘20학년도 2학기 ‘수강신청 개강전 변경기간’ 변경 안내,학사지원과,1556,20200808
12769,2020년 학생재능기부 전공 연계 멘토링(연장),학생과,899,20200803
12768,[LINC] 지역사회기여 프로젝트 모집 안내,LINC+,394,20200813
12767,2020학년도 후기 대학원 학.석사연계과정 석사과정 합격자 발표,입학본부 입학과,655,20200813
12766,2020통일교육 리더 캠프 참여 안내,통일교육 선도대학,306,20200812
12765,충북대학교 대학평의원회 아르바이트 모집 공고,대학평의원회,884,20200812
12764,2020년도 국공립대학 청렴도측정 관련 개인정보 제3자제공 안내,총무과,94,20200812
12763,국립아시아문화전당 ACC 사진 공모전,학생과,161,20200812
12762,2020학년도 후기 대학(원) 외국인특별전형 등록포기 안내,국제교류본부,82,20200731
12761,충북대학교 교육공무원 공무국외출장 등에 관한 지침 제정(안) 행정예고 및 의견수렴,교무과,45,20200811
12760,2020년도 강소연구개발특구 기술이전사업화사업 추가공고,강소특구지원팀,40,20200811
12759,2021-2022 스위스 정부초청장학생 선발안내,국제교류본부,266,20200811
12758,2020 청주시시설관리공단 대학생 나누미 서포터즈 모집,학생과,298,20200811
12757,2020학년도 후기 대학(원) 외국인특별전형 학생생활관비(기숙사비) 납부/입주안내,국제교류본부,304,20200810
12756,[마감]2020학년도 나라사랑 봉사활동(수해복구) 참가자 모집,학생과,560,20200810
12755,생협 2학기 근로장학생 모집,소비자생활협동조합,629,20200810
12754,(국내체류 합격자 대상) 2020학년도 후기 대학(원) 외국인특별전형 합격자 추가 등록안내 ...,국제교류본부,115,20200810
12753,충북대학교 핵심역량 기반 비교과통합관리시스템(신규) 명칭 공모전,교무과,871,20200810
12752,2020학년도 후기 대학원 석사과정 추가모집 및 계약학과모집 면접.전공구술고사 일정 등 안 ...,입학과,736,20200806
12751,코로나19) 체육진흥원 학내체육시설 이용 재개 안내,체육진흥원,384,20200806
12750,충북대학교 인권센터 규정 일부개정규정(안) 행정예고 및 의견수렴,인권센터,114,20200806
12749,"충북대학교 『창업보육센터』 BI실 입주기업 모집 공고(20년 9월 1일, 10월 1일자)  ...",창업보육센터,78,20200806
12748,"충북대학교 『학연산공동기술연구원』 일반기업실 입주기업 모집 공고(20년 9월 1일, 10 ...",학연산공동기술연구원,45,20200806
12747,2021-1학기 일본 메이지대학교 파견 교환학생 선발안내,국제교류본부,340,20200805
12746,"코로나19) 체육진흥원 피트니스센터 8월 2,3주차 홈트레이닝 영상 홍보",체육진흥원,212,20200805
12745,`20학년도 2학기 학사학위취득 유예학생 등록금 납부 안내,재무과,544,20200805
12744,2020학년도 제2학기 학생생활관 생활관비 안내,학생생활관,496,20200804
12743,충북대학교 생태환경독성연구소 규정 일부개정(안) 행정예고,생태환경독성연구소,56,20200804
12742,[평생교육원] 국비지원 한식조리기능사·화훼장식기능사 학습자 모집 안내,평생교육원,146,20200804
12741,[평생교육원] 2020학년도 제2학기 학습자 모집 안내,평생교육원,164,20200804
12740,(KISTI) 과학기술 빅데이터 분석가 양성과정 훈련생 모집,취업지원본부,234,20200803
12739,충북대학교 사범대 등 2개동 내진보강 제안공모 결과 공고,시설과,374,20200803
12738,2020 청주 문화도시조성사업 코로나 19극복을 위한 상생 프로젝트 시민 아이디어 제안 공 ...,학생과,173,20200803
12737,2020학년도 2학기 강좌별 수업운영 계획(방식) 안내(20.7.31. 2200현재),학사지원과,1010,20200731
12736,"[본관,양성재,양진재]2020학년도 제2학기 학생생활관 생활관생 모집 안내",학생생활관,682,20200731
12735,[양현재]2020학년도 제2학기 학생생활관 유학생생활관 생활관생 모집 안내,학생생활관,132,20200731
12734,2020 사회봉사활동 학생모집,과학기술진흥센터,647,20200730
12733,2021-2022 독일정부초청장학생(DAAD 장학생) 선발안내,국제교류본부,341,20200730
12732,국립대학 육성사업 동영상 UCC 공모전,기획과,177,20200730
12731,2019학년도 후기 학위수여식 취소 안내,총무과,1450,20200730
12730,거점국립대학 원격수업 학점교류 수강신청 안내,학사지원과,562,20200730
12729,2020학년도 2학기 강좌별 수업운영 계획(방식) 안내,학사지원과,7245,20200729
12728,과반수 노동조합에 대한 공고,총무과,186,20200728
12727,2020학년도 고전독파단 참가자 모집,의사소통교육센터,2585,20200720
12726,NGO를 배우는 시간 굿네이버스 NGO Traveler 2기 모집 홍보,학생과,270,20200727
12725,[충북대 공동훈련센터] 취업연계 국비무료 과정 교육생 모집(식품/ IT·신성장산업분야),공동훈련센터,168,20200727
12724,2020학년도 2학기 장애대학생 교육활동 지원 국가근로봉사 장학생 선발 안내,장애지원센터,259,20200727
12723,개교 70주년 기념 엠블럼 및 캐치프레이즈 공모전,대외협력부,2202,20200727
12722,2020학년도 2학기 사회봉사교과목 수강신청 안내,학생과,806,20200727
12721,코로나19) 체육진흥원 피트니스센터 7월 5주차 홈트레이닝 영상 홍보 안내,체육진흥원,87,20200727
12720,청주개신 행복주택 입주자 추가 모집 알림,학생과,572,20200727
12719,(도서관 골든마일리지 Round 3) UCC 영상 공모전,도서관,222,20200724
12718,중원문화연구소  『중원문화연구』  제26집 원고 모집 안내,중원문화연구소,137,20200723
12717,대학본부(N10) 주변 일시 주차제한 알림,시설과,231,20200722
12716,4.16재단청소년창작경연 대회 별꿈 시즌4  참여 안내,학생과,182,20200722
12715,핀셋형 의사소통교육 프로그램 전문 인력 풀 접수 안내,의사소통센터,1289,20200722
12714,개신가족 자녀를 위한 2020년 여름방학 실시간 중국어 캠프 참가자 모집,평생교육원(공자학원),283,20200721
12713,2020년도 「청년TLO 육성사업 희망 취업자」 모집 공고,산학협력단,654,20200721
12712,연구장비기술개발사업 온라인 공청회 7.28(화) 15시,나노과학기술연구소,60,20200721
12711,2020년도 충북청주 강소연구개발특구 세부지원 사업 4차 공고,강소특구지원팀,109,20200720
12710,2020학년도 건강센터 학생생활상담소 여름방학 특집 마음성장 프로그램 안내,학생생활상담소,187,20200720
12709,★ 2020학년도 2학기 수업운영 계획,학사지원과,21894,20200720
12708,`20학년도 2학기 재학생 등록금 납부 안내,재무과,12422,20200720
12707,2020-2학기 온라인 학기제 파견 교환학생(어학) 추가 선발안내,국제교류본부,255,20200720
12706,2020학년도 후기 대학원 계약학과(전자정보공학과/화장품산업학과) 모집 안내,입학본부 입학과,270,20200720
12705,코로나19) 체육진흥원 7월 4주차 피트니스센터 홈트레이닝 영상 홍보 안내,체육진흥원,80,20200720
12704,2020학년도 후기 대학(원) 외국인특별전형 합격자 발표 / 등록안내,국제교류본부,3078,20200714
12703,2020학년도 제2학기 학생생활관 일정 보류 안내,학생생활관,279,20200717
12702,은하수(교직원)식당 식권 근로학생 모집,소비자생활협동조합,649,20200717
12701,2020년 제4회 충북대학교 대학평의원회 임시회 결과 공개,대학평의원회,311,20200717
12700,2020. 온라인생활과학교실 학생모집 안내,과학기술진흥센터,724,20200716
12699,2021학년도 전기 대학(원) 외국인특별전형(전교육과정이수자) 원서접수 안내,국제교류본부,65,20200701
12698,2020학년도 후기 추가 교육대학원 신입생 모집 안내,교육대학원,126,20200714
12697,2020년도 후기대학원 신입생 추가모집  국내유일 『연구장비개발 전공』 석사과정,물리학과 연구장비개발 전공,203,20200713
12696,코로나19) 체육진흥원 피트니스센터 홈트레이닝 영상 안내,체육진흥원,317,20200713
12695,2020학년도 후기 대학원 계약학과(산업인공지능학과) 모집요강 공지,입학본부 입학과,419,20200713
12694,2020학년도 후기 대학원(일반대학원) 석사과정 신입생 추가모집요강 공지,입학본부 입학과,855,20200713
12693,2020년 월드캠프 안내,학생과,605,20200713
12692,[수강안내] 2020학년도 하계 대학원 논문제출자격 외국어시험 대체강좌,국제교류본부,175,20200710
12691,「건강검진 덕분에 더! 건강하게 」운영 안내,총무과,364,20200710
12690,충북대학교 평생사제제 운영규정 일부개정규정(안) 의견수렴,학생과,690,20200709
12689,충북대글로벌벤처센터 입주기업 모집,G테크벤처센터,104,20200709
12688,[대학생 멘토링 지원사업] 대학생 멘토단 2차 모집 안내,학생과,921,20200707
12687,코로나19) 체육진흥원 피트니스센터 헬스 환불신청 접수 마감 안내,체육진흥원,200,20200707
12686,2020학년도 제2학기 학생생활관 생활관생 추가모집 안내,학생생활관,555,20200707
12685,2020학년도 제2학기 급식제도 선택 및 생활관비 납부 안내,학생생활관,418,20200707
12684,2020 충북콘텐츠코리아 랩 라이징스타콘 모집,학생과,315,20200706
12683,신입생 정신건강 상태 검사 신청 안내,학생생활상담소,350,20200706
12682,2020학년도 여름방학 진로탐색 집단상담 프로그램 신청 안내,학생생활상담소,356,20200706
12681,교섭요구 노동조합의 확정 공고,총무과,152,20200706
12680,㈜에코프로와 함꼐하는 대학생 봉사단 에코 브리지 1기 모집 홍보,학생과,486,20200703
12679,2020학년도 하계 방학 중 해드림 농어촌봉사활동 참가팀 모집,학생과,368,20200706
12678,[외국인유학생] 경영분야 언택트 채용대비 모의면접,국제교류본부,107,20200702
12677,2020학년도 후기 대학원(일반대학원) 입학전형 합격자 발표,입학본부 입학과,963,20200703
12676,2021년도 일본정부(문부과학성) 장학금 연구유학생 및 일한공동고등교육 유학생 교류사업(석 ...,국제교류본부,230,20200701
12675,충북대학교 『학연산공동기술연구원』 일반기업실 입주기업 모집 공고(20년 8월 1일자),학연산공동기술연구원,106,20200701
12674,`20학년도 2학기 대학(원) 재학생 등록금 분할납부 신청 안내,재무과,1808,20200701
12673,`20학년도 후기 대학원 입학전형 합격자 등록금 납부 안내,재무과,896,20200701
12672,`20학년도 2학기 대학(원) 재입학생 등록금 납부 안내,재무과,1432,20200701
12671,통일교육 학생동아리 추가 모집,통일교육 사업단,241,20200630
12670,★코로나19 예방을 위한 올바른 소독방법 3편 (올바른 소독방법),총무과,62,20200630
12669,★코로나19 예방을 위한 올바른 소독방법 2편 (올바른 소독제 만들기),총무과,45,20200630
12668,★코로나19 예방을 위한 올바른 소독방법 1편 (소독 전 준비사항),총무과,48,20200630
12667,LH 청년위원회 청년위원 모집 알림,학생과,491,20200629
12666,2020년 2학기 학생예비군 전입신고 안내,예비군연대,433,20200629
12665,2020 Study in Korea Online Education Fair(July) /  ...,국제교류본부,209,20200629
12664,제13회 독서감상문대회 공감의 창 심사 결과 안내,의사소통센터,516,20200626
12663,공공연대노동조합 교섭요구 사실의 공고,총무과,180,20200626
12662,2020학년도 후기 대학(학부 신편입학) 외국인특별전형 화상면접 및 서류평가 안내,국제교류본부,323,20200625
12661,코로나19) 체육진흥원 학내체육시설 사용중지 및 피트니스센터 임시휴관 재연장 안내,체육진흥원,489,20200624
12660,2020학년도 하계 LEVEL-UP 영어캠프 참가자 모집 안내,국제교류본부,765,20200623
12659,충북대 사범대 등 2개동 내진보강공법 제안 공고,시설과,460,20200622
12658,2020년도 충북청주 강소연구개발특구 세부지원 사업 3차 공고,강소특구지원팀,154,20200622
12657,충북대학교 강사 공개채용  [창의융합교육본부] 채용분야별 합격자 명단 공고,창의융합교육본부,437,20200619
12656,2020학년도 여름학기 외국어강좌 접수 안내,국제교류본부,517,20200619
12655,충북대학교대학원시행세칙 일부개정세칙(안) 의견수렴,대학원정책실,110,20200619
12654,충북대학교 학칙 일부개정학칙(안) 행정예고,교무과,146,20200619
12653,콕 집는 핀셋형 의사소통교육 프로그램 교육수요자 요구 조사 안내,창의융합교육본부,187,20200619
12652,2020학년도 제2학기 강사(사회과학대학) 채용분야별 합격자 명단 공고,사회과학대학,150,20200619
12651,충북대학교 강사 공개채용 [자연과학대학] 채용분야별 합격자 명단 공고,자연과학대학,141,20200619
12650,생협 별빛식당 근로학생 모집,생활협동조합,370,20200618
12649,충북대학교 수의과대학 부속동물병원 운영 규정 일부개정 규정(안) 행정예고,수의과대학,35,20200618
12648,충북대학교 옛 사진 수집 공모전 안내,기록관,411,20200617
12647,2020년 국립대학 육성사업 강사 연구역량강화사업 신청 안내,산학연구본부,228,20200617
12646,2020년 국립대학 육성사업 연구역량강화사업 신청 안내,산학연구본부,369,20200617
12645,청주개신 행복주택 입주자모집 알림,학생과,668,20200617
12644,[충북대학교 창업지원단] 2020년 창업동아리 모집공고,창업지원단,314,20200616
12643,2020-2학기 온라인 학기제 파견 교환학생(어학) 선발안내,국제교류본부,582,20200615
12642,LH 청주 개신 행복주택 안내,학생과,1656,20200612
12641,카페쿠비앤유3호점 주말 근로학생 모집,생활협동조합,1208,20200612
12640,충북대글로벌벤처센터 입주기업 모집,G테크벤처센터,125,20200612
12639,법학연구소 초청강연회 개최,법학연구소,273,20200611
12638,2020학년도 후기 대학원(일반대학원) 입학고사 안내,입학본부 입학과,1433,20200610
12637,[경찰대학] 2020학년도 치안대학원 외국인유학생 특별전형 신입생 모집,국제교류본부,130,20200610
12636,[평생교육원] 2020학년도 제2학기 신규교과목 개설 신청 안내,평생교육원,350,20200609
12635,2020년도 통일교육 학생동아리 모집,통일교육 사업단,409,20200608
12634,★ [코로나19 공지] (신청대상확대)학생생활관 2020학년도 제1학기 정기(기말) 대면시 ...,학생생활관,1279,20200605
12633,사회봉사교과목 설문조사 안내,학생과,359,20200605
12632,2020년도 충북청주 강소연구개발특구 이노폴리스캠퍼스 사업 창업자 모집 공고,산학협력단,203,20200604
12631,2020학년도 여름학기 토익특별반 접수 안내,국제교류본부,661,20200604
12630,2020학년도 하계 대학원 논문제출자격 외국어시험 대체강좌 안내,국제교류본부,1178,20200604
12629,[긴급] 대표홈페이지 보안수정사항 적용을 위한 서비스 일시,대외협력부,103,20200604
12628,2020.후기 대학원(일반대학원) 지원(인터넷원서접수)자에 대한 안내,입학본부 입학과,552,20200603
12627,2020년도 충북청주 강소연구개발특구 세부지원 사업 2차 공고,강소특구지원팀,99,20200602
12626,[긴급] 대표홈페이지 보안수정사항 적용을 위한 서비스 일시,대외협력부,208,20200602
12625,2020학년도 1학기 ZOOM 온라인 학습법 특강 안내,스마트교수학습개발원,1431,20200601
12624,충북대학교 취업 및 창업지원위원회 규정 일부개정 규정(안) 행정예고 및 의견수렴,취업지원본부,68,20200601
12623,독서 모임 ‘책으로 통(通)하다’ 제36기(온라인) 참여자 모집(연장),의사소통센터,2094,20200520
12622,2020 미래형 과학꿈나무 교실 대학생 멘토 모집 안내,과학기술진흥센터,582,20200529
12621,2020 창의적 아이디어 공모전 개최,공학교육혁신센터,454,20200529
12620,★  제 14기 충북대학교 공식 학생홍보대사 최종 합격자 공고 ★,대외협력부,956,20200529
12619,(추가모집)2020년 청년취업아카데미 창직과정 창직Team 모집 공고,학연산공동기술연구원,293,20200526
12618,충북대학교 수의과대학 부속 수의학교육실 규정 제정(안) 행정예고 및 의견수렴,수의과대학,62,20200527
12617,(변경) 2020학년도 후기 외국인 대학원 신입생 특별장학생 선발 안내,국제교류본부,541,20200428
12616,충북대학교 2020. 1학기 비교과과정 운영 프로그램 안내,교무과,370,20200527
12615,2020-1학기 제 14기 충북대학교 공식학생홍보대사 1차 서류 합격자 발표,대외협력부,861,20200526
12614,2020년 21기 하계 대학생 재능봉사 캠프 멘토 모집,학생과,1268,20200526
12613,"CJ와 함께하는 온라인 직무 멘토링, 랜선잡(Job)담(Talk) 참여 대학생 모집 홍보 ...",학생과,388,20200525
12612,★ [코로나 19 공지] 2020-1학기 재택(비대면)수업 연장 안내,학사지원과,20240,20200420
12611,"★ [코로나19 공지] 2020학년도 학사일정 변경 안내 (english, china)",교무과,31467,20200212
12610,충북대학교 교육공무원 공무국외여행 규정 전부개정규정(안) 행정예고,교무과,79,20200522
12609,2020-2학기 중국어권 자매대학 파견 교환학생 추가 선발안내,국제교류본부,238,20200521
12608,임상시험 전문인력 양성사업 설명회,대학일자리센터,235,20200521
12607,2020-2학기 학기제 파견 교환학생(어학) 추가 선발안내,국제교류본부,364,20200521
12606,충북 임상시험 전문인력 양성사업 참여학생 모집,대학일자리센터,363,20200521
12605,충북대 글로벌[G]-테크벤처센터(BI) 기업 모집 공고,G테크벤처센터,60,20200521
12604,★ 충북대학교 공식 학생홍보대사 해울 14기 모집 (접수기간 연장) ★,대외협력부,633,20200520
12603,2020 전기 자연계 대학원 전문연구요원 편입대상자 선발 공고 안내,산학협력단,85,20200520
12602,2021 풀브라이트 미국 대학원 장학 프로그램 안내,국제교류본부,362,20200520
12601,2020학년도 후기 대학원(일반대학원) 입학원서 접수안내,입학본부 입학과,765,20200520
12600,2020년 제3회 충북대학교 대학평의원회 정기회 결과 공개,대학평의원회,135,20200519
12599,연구장비엔지니어양성사업(장비개발) 행정원 대체인력 모집 공고,연구장비개발,150,20200519
12598,2020년 스타 액츄얼리 지원사업 참가자 모집 공고,취업지원본부,460,20200518
12597,(도서관 골든마일리지상 도전) Round 2. 온라인 정보사냥대회 (~ 5.31.),도서관,318,20200518
12596,2020. 대신정기화물 호기심끼장학생 선발  기간 연장 안내,발전기금재단,641,20200515
12595,2020년 상반기 모범공무원 정부포상 후보자 공개검증,총무과,207,20200515
12594,충북대학교 전임교원 겸직 허가 지침 제정(안) 행정예고,교무과,168,20200513
12593,코로나19 관련 생활 속 거리두기 방역수칙 및 긴급재난지원금 안내 다국어 번역 파일 안내 ...,총무과,199,20200513
12592,(3차모집)2020년 청년취업아카데미 창직과정 창직Team 모집,학연산공동기술연구원,395,20200512
12591,2020 설계연구동아리 모집(~5/29),공학교육혁신센터,381,20200512
12590,2020-2학기 학기제 파견 교환학생(어학) 선발안내,국제교류본부,617,20200506
12589,대학가 신학기 출판물 불법복제 예방 공모전 안내,학생과,238,20200508
12588,2020년 제2회 충북대학교 대학평의원회(임시회) 결과 공개,대학평의원회,316,20200507
12587,제1회 대학생 미디어 콘텐츠 공모전 안내,학생과,380,20200507
12586,2020학년도 1학기 학습법 온라인 특강 운영 안내,교수학습센터,848,20200507
12585,2020학년도 충북금연지원센터 금연희망자 모집,건강센터 보건진료원,187,20200507
12584,"2020년도 후기대학원 국내유일 『연구장비개발 전공』 석사, 박사, 석·박사 통합과정 신입 ...",물리학과 연구장비개발 전공,101,20200507
12583,`20학년도 1학기 대학(원) 재학생 등록금 최종 납부 안내,재무과,282,20200506
12582,농촌체험 연계 가치공감 확산 프로그램 희망 단체 모집,학생과,181,20200506
12581,청주시립미술관 홍보 서포터즈 모집,대외협력부,357,20200506
12580,2020학년도 후기 충북대학교 대학원별 원서접수 일정 안내,입학본부 입학과,652,20200506
12579,2020학년도 1학기 사회봉사 교과목 업로드 기간 안내,학생과,751,20200504
12578,2020년 K-Move스쿨 프랑스 물류· 서비스 취업과정 추가모집,취업지원본부,129,20200504
12577,코로나19) 학내체육시설물 임시 사용 중지 및 피트니스센터 임시 휴관 재연장 추가 안내  ...,체육진흥원,274,20200504
12576,SW중심대학사업단 창업 액셀러레이션 2차 추가 모집 공고,SW중심대학사업단,146,20200504
12575,2020년도 국비유학(연수)생 모집 안내,국제교류본부,297,20200504
12574,2020년 대신정기화물 호기심·끼 장학생 선발 안내,발전기금재단,1030,20200504
12573,제3회 도서관 골든마일리지 행사 안내,도서관,484,20200429
12572,(제3회 도서관 골든 마일리지상 도전) Round 1. 독후감 공모전,도서관,535,20200429
12571,2020년도 충북청주 강소연구개발특구 세부지원 사업 공고,강소특구지원팀,174,20200428
12570,1학기 생활협동조합 매장 운영 안내,충북대학교 생활협동조합,474,20200428
12569,2020학년도 후기 교육대학원 신입생 모집 안내,교육대학원,70,20200427
12568,2020학년도 봄학기 제2기 외국어강좌 접수 안내,국제교류본부,355,20200424
12567,★ [코로나 19 공지] 학내체육시설물 임시 사용 중지 및 피트니스센터 임시 휴관 재연장  ...,체육진흥원,1106,20200423
12566,2020학년도 후기 대학원(일반대학원) 신입생 모집 안내,입학본부 입학과,1146,20200424
12565,"[ 비대면 소통 이벤트 ] 충북대학교의 봄, 캠퍼스에 봄이 왔나 봄~",대외협력부,1004,20200424
12564,2020-2학기 중국어권 자매대학 파견 교환학생 선발안내,국제교류본부,233,20200422
12563,충북대 글로벌[G]-테크벤처센터(BI) 입주기업 모집 공고,G테크벤처센터,81,20200422
12562,충북대학교 소비자생활협동조합 제8차 서면총회-이사장선출안 서면결의 공고,충북대학교 생활협동조합,69,20200422
12561,(추가모집)2020년 청년취업아카데미 창직과정 창직Team 모집 공고,학연산공동기술연구원,300,20200423
12560,(변경) 2020학년도 후기 대학(원) 외국인특별전형 원서접수 안내,국제교류본부,7582,20200421
12559,2020년 K-Move스쿨 프랑스 물류· 서비스 취업과정 참여자모집,취업지원본부,383,20200421
12558,충북대학교 전공알림단 모집,입학과,1699,20200420
12557,제13회 독서감상문대회 공감의 창 개최 안내,의사소통교육센터,852,20200420
12556,2020학년도 충북금연지원센터 금연희망자 모집,건강센터 보건진료원,308,20200420
12555,2020년 학군사관후보생 선발 일정 조정 안내,학군단,223,20200420
12554,제13기 ACC 대학생 기자단 모집 홍보,학생과,439,20200417
